radius_bin,insol_bin,st_Teff_bin,Source Pipeline,Full TOI ID,Planet Radius Value,Orbital Period Value,Effective Temperature Value,Effective Stellar Flux Value,Planet Equilibrium Temperature (K) Value,mass_flag,V mag,K_amp,TSM,t_HIRES,X,TSM_Vmag_priority,X_priority,toi,tic,cps,disp,vetting,ao_vet,hires_prv,apf_prv,vip_rank
2,4,2,spoc,238.01,1.676542,1.272419,5024,753.218535,1336.13395,0,10.748,2.30380418,58.19736609,4557.635719,0.012769201,,,238.01,9006668,T000238,CPC,passed,passed,,,
2,4,3,spoc,266.01,2.407741,10.767807,5784,104.770454,815.979892,0,10.07,2.046346673,48.27115977,3093.658092,0.015603263,,,266.01,164767175,HIP8152,PC,passed,passed,,,
5,3,3,spoc,421.01,6.445067,16.068919,5718,74.824872,750.120865,0,9.931,8.544845976,117.3658921,156.1069563,0.751829994,,5,421.01,94986319,T000421,VPC,passed,passed,yes,yes,
1,2,1,spoc,455.01,1.368307,5.358807,3562,7.379879,420.370338,0,10.59,2.245208436,43.26958509,4148.751314,0.010429544,,1,455.01,98796344,GJ3193,VP,passed,passed,yes,no,2
3,3,3,spoc,469.01,3.685246,13.632935,6114,89.071512,783.527882,0,9.49,3.216821399,104.2398722,733.798527,0.142055167,3,3,469.01,33692729,42813,VPC,passed,passed,yes,no - too low dec,
3,3,3,spoc,509.01,3.073257,18.119809,5560.26,46.819522,667.154613,0,8.58,2.374869265,97.54202066,582.3060737,0.16750988,1,2,509.01,453211454,63935,PC,passed,passed,yes,yes,1
3,4,3,spoc,554.01,3.411592,7.048602,6337.87,416.682397,1152.31453,0,6.91134,1.73352546,107.5347842,235.0207917,0.457554344,2,2,554.01,407966340,25463,CPC,passed,passed,yes,yes,
3,3,3,spoc,561.01,3.772776,10.781327,5391,66.330454,727.860233,0,10.252,4.159027891,87.14310035,885.6192914,0.098397925,,4,561.01,377064495,T000561,PC,passed,passed,yes,yes,
1,5,3,spoc,561.02,1.55421,0.446547,5391,4628.630447,2103.695493,0,10.252,2.661764325,78.27658646,2162.178447,0.036202649,1,1,561.02,377064495,T000561,CPC,passed,passed,yes,yes,
3,3,3,spoc,561.03,2.842121,16.37165,5391,38.003128,633.249107,0,10.252,2.235563677,52.46088367,3065.184668,0.017115081,,,561.03,377064495,T000561,PC,passed,passed,yes,yes,
3,4,3,spoc,669.01,3.842242,3.948678,5581.9,641.234094,1283.435066,0,10.606,7.61969847,66.39005324,365.5570489,0.181613385,,4,669.01,124573851,T000669,PC,passed,passed,yes,yes,
4,3,3,spoc,1136.01,4.55992,12.518414,5729,83.344567,770.617866,0,9.534,5.129484922,107.115012,300.5268081,0.35642415,2,1,1136.01,142276270,T001136,CPC,passed,passed,yes,yes,3
3,4,3,spoc,1136.02,3.00227,6.256742,5729,210.125477,971.045159,0,9.534,3.176226036,87.25756807,783.8048221,0.111325633,3,,1136.02,142276270,T001136,CPC,passed,passed,yes,yes,3
4,3,3,spoc,1136.03,4.037327,26.321864,5729,30.94004,601.519853,0,9.534,3.25549507,71.37382049,746.0993296,0.095662625,,5,1136.03,142276270,T001136,PC,passed,passed,yes,yes,3
5,3,3,spoc,1173.01,9.077533,7.06456,5429.6,53.07525,688.403013,0,11.038,21.60676221,182.5018327,67.67859732,2.696595969,1,3,1173.01,232967440,T001173,VPC+,passed,,yes,no,
2,3,2,spoc,1174.01,2.43503,8.9596,5029.5,53.554056,689.950355,0,10.964,2.233018083,46.244145,5918.971568,0.007812868,,,1174.01,154089169,T001174,PC,passed,passed,yes,yes,
3,3,2,spoc,1180.01,2.847205,9.692137,4738.1,35.3448,621.872185,0,11.017,3.096333813,63.96897665,3232.475062,0.019789473,,,1180.01,158002130,T001180,VPC,passed,,wait,no,
5,4,3,spoc,1194.01,8.860766,2.310602,5339.9,640.67934,1283.15739,0,11.302,29.94829159,214.438844,44.92484918,4.773279108,,,1194.01,147950620,T001194,VPC+,passed,passed,yes,yes,
2,3,2,spoc,1235.01,2.12139,3.443131,3912,57.905585,703.557931,0,11.495,3.037946519,81.93683525,5215.194207,0.015711176,,,1235.01,103633434,T001235,CPC,passed,passed,yes - template,no,
2,3,2,spoc,1244.01,2.389882,6.398386,4599,56.459159,699.122616,0,11.929,2.694035157,38.72405979,9890.635929,0.003915224,,,1244.01,219850915,T001244,PC,passed,passed,,,
3,3,2,spoc,1246.01,3.332019,18.652357,5141,27.837103,585.835599,0,11.632,2.950873459,31.04856712,6270.895466,0.004951217,,,1246.01,230127302,T001246,PC,passed,,yes,no,
3,4,2,spoc,1246.02,3.001516,4.307412,5141,196.477935,954.878678,0,11.632,4.027165248,44.18116355,3366.912522,0.01312216,,4,1246.02,230127302,T001246,PC,passed,,yes,no,
3,4,2,spoc,1246.03,2.6288,5.903194,5141,129.068304,859.655904,0,11.632,2.89390723,32.95460614,6520.209112,0.005054225,,,1246.03,230127302,T001246,PC,passed,,yes,no,
3,3,3,spoc,1247.01,2.800653,15.923849,5711.85,70.932692,740.169798,0,9.08,2.07904933,63.34823976,1204.206995,0.052605773,,,1247.01,232540264,135694,PC,passed,,yes,yes,
5,4,3,spoc,1248.01,7.205111,4.360083,5227,202.078244,961.61148,0,11.806,17.46553632,121.3317186,210.119753,0.577440802,,,1248.01,232612416,T001248,VPC,passed,,,,
3,3,3,spoc,1249.01,3.264862,13.078807,5453,69.206536,735.62508,0,11.089,3.016936237,41.36036582,3638.299703,0.011368048,,,1249.01,232976128,T001249,PC,passed,passed,yes,no,
3,3,2,spoc,1255.01,2.70278,10.288882,5126,59.759255,709.122136,0,9.92,2.536462078,69.48519866,1753.77545,0.039620351,,3,1255.01,237222864,HIP97166,PC,do observe,passed,,,
5,4,2,spoc,1264.01,7.943273,2.74425,5040,418.525974,1153.587001,0,11.471,25.01962098,184.9820474,75.20890767,2.459576308,,,1264.01,416195870,T001264,VPC-,passed,passed,,,
3,4,3,spoc,1269.01,2.659917,4.252709,5591,230.881352,994.550837,0,11.618,4.068997698,44.69069002,3255.785956,0.013726544,,,1269.01,198241702,T001269,PC,passed,passed,yes,no,
4,4,2,spoc,1272.01,4.289363,3.315997,4972.7,217.521583,979.479471,0,11.758,8.322015337,78.39173117,885.4697114,0.08853124,,5,1272.01,417948359,T001272,PC,passed,,yes,no,
3,3,3,spoc,1279.01,2.726668,9.614679,5477,74.730572,749.884414,0,10.714,2.449015958,50.95617864,3908.836487,0.01303615,,,1279.01,224297258,T001279,VPC,passed,passed,yes,no,
3,3,2,spoc,1280.01,3.169424,9.703121,4665,36.373339,626.347778,0,11.5833,3.748133576,56.87427427,3716.384278,0.015303658,,,1280.01,230017324,T001280,PC,passed,passed,,,
3,4,3,spoc,1287.01,2.584434,9.602018,5891,193.103277,950.751809,0,9.16,2.079326128,52.7197739,1295.941843,0.040680663,,,1287.01,352764091,196603,PC,passed,,yes,yes,
2,3,2,spoc,1301.01,2.449728,6.096375,4820.4,69.863841,763,0,11.337,2.792669521,50.96257782,5335.702952,0.00955124,,,1301.01,356867115,T001301,PC,passed,passed,,,
3,3,3,spoc,1339.01,3.247601,8.880832,5555.7,99.065848,804.638372,0,8.97,3.394956452,131.5385194,408.0959815,0.322322506,2,1,1339.01,269701147,191939,CPC-,passed,passed,yes,yes,4
3,3,3,spoc,1339.02,3.067978,28.579356,5555.7,20.850938,545.005831,0,8.97,2.087501951,82.74272157,1079.38643,0.076657182,,5,1339.02,269701147,191939,PC,passed,passed,yes,yes,4
2,4,2,spoc,1346.02,1.979445,1.762233,4991.6,468.549066,1186.611407,0,11.693,2.789890839,47.19364824,7420.895438,0.006359562,,,1346.02,219852882,T001346,PC,passed,passed,,,
2,5,3,spoc,1347.01,2.10618,0.8475,5300,1876.471285,1678.630966,0,11.168,3.342172064,52.44132265,3188.402377,0.016447523,,,1347.01,229747848,T001347,PPC,passed,,,,
3,4,2,spoc,1410.01,2.943638,1.216835,4634.6,565.541505,1243.757952,0,11.111,6.752780606,117.9081893,741.0806162,0.159103054,1,2,1410.01,199444169,T001410,VPC,passed,passed,yes,,
2,4,2,spoc,1416.01,1.659544,1.06969,4946,945.862003,1414.414482,0,9.91,2.450081539,90.57711955,1862.385827,0.048634992,2,4,1416.01,158025009,HIP70705,CPC,passed,passed,wait,wait,
2,3,2,spoc,1430.01,2.229178,7.434007,5064,72.54644,744.344144,0,9.19,2.053197744,97.36625675,1366.372702,0.07125893,2,2,1430.01,293954617,235088,PC,passed,passed,,yes,
2,5,2,spoc,1436.01,1.717836,0.867492,5011.22,1118.225214,1474.864321,0,12.006,2.73677176,45.03015584,10288.53583,0.004376731,2,3,1436.01,154383539,T001436,CPC,passed,passed,yes,no,
4,3,3,spoc,1439.01,4.32719,27.646255,5873,84.289077,772.791923,0,10.55,3.525772762,22.74678885,1621.519207,0.014028072,,,1439.01,232982558,T001439,PC,passed,,wait,no,
2,4,2,spoc,1446.01,2.224311,6.31719,5180,108.319231,822.803522,0,11.577,2.11350731,32.66159095,11620.45746,0.002810698,,,1446.01,294471966,T001446,PC,passed,,,,
2,4,2,spoc,1466.01,2.491658,1.871529,4201,233.936214,997.456843,0,12.189,4.650963186,56.8963303,4216.430343,0.013493957,,,1466.01,237086564,T001466,PC,passed,,,,
2,3,1,spoc,1467.01,1.827003,5.973384,3834,18.079169,525.913556,0,12.293,2.277147971,61.00218825,19357.45371,0.003151354,,5,1467.01,240968774,T001467,PC,passed,,,,
2,2,1,spoc,1468.01,2.333273,15.531925,3382,2.140013,308.477758,0,12.5,3.097830066,88.32302789,12656.55623,0.006978441,,2,1468.01,243185500,T001468,VPC,passed,,yes,,
1,3,1,spoc,1468.02,1.452351,1.880305,3382,35.733782,623.576148,0,12.5,2.797071107,14.53652196,15524.71798,0.000936347,,3,1468.02,243185500,T001468,VPC,passed,,yes,,
4,3,3,spoc,1471.01,4.282738,20.772024,5625.56,81.617867,766.595136,0,9.2,3.969217285,102.6214883,368.9954288,0.278110459,1,3,1471.01,306263608,12572,PC,passed,,yes,yes,
4,4,2,spoc,1472.01,4.307598,6.364103,5103,110.004112,825.984655,0,11.302,6.590384012,71.84524528,927.7037066,0.077444172,,,1472.01,306955329,T001472,VPC,passed,,,,
2,4,3,spoc,1473.01,2.49336,5.255294,5958,299.625751,1061.120081,0,8.844,2.362245073,97.25843389,750.5520752,0.129582526,3,3,1473.01,352413427,6061,PC,passed,,yes,yes,
2,4,3,spoc,1669.01,2.248112,2.679485,5550,692.189753,1308.205712,0,10.218,2.665380283,52.04444941,2089.8368,0.024903595,,,1669.01,428679607,T001669,PC,passed,,,,
3,5,3,spoc,1681.01,3.26185,1.537559,5672.5,1160.699357,1488.674282,0,10.97,5.910641209,86.45972529,849.4963929,0.101777625,3,3,1681.01,321041369,T001681,PC,passed,passed,,,
3,4,3,spoc,1686.01,3.717241,6.702137,6141,505.62713,1209.420544,0,10.411,4.110962433,41.10652596,1049.406422,0.039171216,,,1686.01,102672709,T001686,PC,passed,,,,
3,3,3,spoc,1691.01,3.746702,16.731638,5759,59.350052,707.905076,0,10.134,3.330110484,62.19682432,1239.120234,0.050194342,,,1691.01,268334473,T001691,CPC,passed,,,,
1,3,1,spoc,1693.01,1.478547,1.766881,3474,57.012676,700.829873,0,12.962,2.489025205,11.49098804,30003.51557,0.000382988,,,1693.01,353475866,T001693,VPC+,passed,,,,
4,4,2,spoc,1694.01,5.480027,3.77013,5058,195.28817,953.419593,0,11.446,11.92651542,116.0485018,323.4473415,0.358786383,2,4,1694.01,396740648,T001694,VPC,passed,,,,
2,3,1,spoc,1695.01,2.085673,3.131463,3575,34.59537,618.549191,0,12.989,3.421725092,68.35744146,16275.73105,0.004199961,,2,1695.01,422756130,T001695,PC,passed,passed,,,
4,5,2,spoc,1713.01,4.65369,0.557201,5097.6,3415.825831,1949.816221,0,11.436,16.90635223,156.0775983,159.4890635,0.978610037,2,1,1713.01,15863518,T001713,PC,passed,,,,
3,4,3,spoc,1716.01,2.741667,8.088417,5878.6,251.439553,1015.61276,0,9.406,2.44918298,52.70939764,1171.624024,0.044988321,,,1716.01,14336130,237566,PC,passed,,,yes,
4,4,3,spoc,1722.01,4.431151,9.606666,6137,175.792796,928.688394,0,10.025,4.884008778,74.88226049,521.0481548,0.143714664,,,1722.01,85242435,T001722,PC,passed,,,,
3,3,3,spoc,1723.01,3.15697,13.716057,5777,91.580168,788.987475,0,9.664,2.652551656,58.42112443,1266.785353,0.046117619,,,1723.01,71431780,T001723,PC,passed,,,yes,
2,4,3,spoc,1727.01,2.27447,1.832792,5566,989.31202,1430.385408,0,10.312,3.077453542,61.93622204,1709.415836,0.03623239,,5,1727.01,241225337,T001727,PC,passed,,,,
4,3,2,spoc,1728.01,4.699432,3.491567,3907,57.019625,700.851229,0,12.39,11.65389018,134.9152249,808.144258,0.166944482,1,1,1728.01,285048486,T001728,VPC+,passed,,,,5
2,3,1,spoc,1730.01,2.299128,6.222236,3691,16.411904,513.345186,0,12.23,3.149983731,79.0477069,9545.839154,0.008280855,1,1,1730.01,318022259,HIP34730,PC,passed,passed,,,
1,3,1,spoc,1730.02,1.440684,2.155669,3691,67.449404,730.91063,0,12.23,2.026154703,9.243456249,23072.01524,0.000400635,,,1730.02,318022259,HIP34730,PC,passed,passed,,,
3,3,1,spoc,1732.01,2.539205,4.121356,3876,44.215291,657.67733,0,12.889,3.874242892,49.86192347,11578.62648,0.004306376,,,1732.01,470987100,T001732,PC,passed,,,,
3,4,3,spoc,1736.01,3.702256,7.074152,5656,349.144817,1102.481091,0,8.953,4.437209045,86.14251493,235.1857232,0.366274422,,3,1736.01,408618999,T001736,PC,do observe,,,,
4,3,3,spoc,1744.01,4.333054,22.342014,6179,62.906016,718.27838,0,9.543,3.536877208,65.54003035,637.3687541,0.102829061,,4,1744.01,229455001,T001744,PC,do observe,,,,
3,3,2,spoc,1750.01,2.524305,11.337809,4765,33.350268,612.907001,0,12.645,2.359794104,22.78038538,24927.71728,0.000913858,,,1750.01,237099296,T001750,PC,passed,,,,
3,4,3,spoc,1753.01,2.963485,5.384942,5700,237.977234,1001.73674,0,11.831,3.2958386,33.77123921,6038.079993,0.005593043,,,1753.01,289580577,T001753,PC,passed,,,,
2,4,2,spoc,1757.01,2.07957,2.125617,4428,209.890671,970.773771,0,12.166,3.173294028,41.90994896,8867.681887,0.004726145,,,1757.01,367753709,T001757,PC,do observe,,,,
3,3,2,spoc,1758.01,3.380949,20.703854,5169,20.751601,544.355547,0,10.794,2.89492177,54.54974123,3011.321116,0.018114887,,,1758.01,367858035,T001758,PC,do observe,,,,
3,2,2,spoc,1759.01,3.234794,37.696127,3960,2.486239,320.262031,0,11.93,2.808929776,64.30049248,9106.447122,0.007060986,3,2,1759.01,408636441,T001759,PC,do observe,,,,
5,3,3,spoc,1775.01,8.07481,10.240374,5251,60.479059,711.247913,0,11.648,15.86499126,122.3231216,220.1664092,0.555593935,3,,1775.01,9348006,T001775,PC,do observe,,,,
3,4,3,spoc,1778.01,2.829971,6.515951,6023,414.067919,1150.502709,0,8.99,2.678129099,64.38338268,667.9865486,0.09638425,,,1778.01,39699648,77946,PC,do observe,,,,
3,3,2,spoc,1782.01,2.564396,4.987638,4336,56.046247,697.840843,0,12.329,3.453401202,45.42040934,8700.348766,0.005220527,,,1782.01,160045097,T001782,PC,do observe,,,,