radius_bin,insol_bin,st_Teff_bin,Source Pipeline,Full TOI ID,Planet Radius Value,Orbital Period Value,Effective Temperature Value,Effective Stellar Flux Value,Planet Equilibrium Temperature (K) Value,mass_flag,V mag,K_amp,TSM,t_HIRES,X,TSM_Vmag_priority,X_priority,toi,tic,cps,disp,vetting,ao_vet,hires_prv,apf_prv,vip_rank
1,2,1,spoc,455.01,1.368307,5.358807,3562,7.379879,420.370338,0,10.59,2.245208436,43.26958509,4148.751314,0.010429544,,1,455.01,98796344,GJ3193,VP,passed,passed,yes,no,2
1,3,1,spoc,1468.02,1.452351,1.880305,3382,35.733782,623.576148,0,12.5,2.797071107,14.53652196,15524.71798,0.000936347,,3,1468.02,243185500,T001468,VPC,passed,,yes,,
1,5,3,spoc,561.02,1.55421,0.446547,5391,4628.630447,2103.695493,0,10.252,2.661764325,78.27658646,2162.178447,0.036202649,1,1,561.02,377064495,T000561,CPC,passed,passed,yes,yes,
2,2,1,spoc,1468.01,2.333273,15.531925,3382,2.140013,308.477758,0,12.5,3.097830066,88.32302789,12656.55623,0.006978441,,2,1468.01,243185500,T001468,VPC,passed,,yes,,
2,3,1,spoc,1730.01,2.299128,6.222236,3691,16.411904,513.345186,0,12.23,3.149983731,79.0477069,9545.839154,0.008280855,1,1,1730.01,318022259,HIP34730,PC,passed,passed,,,
2,3,1,spoc,1695.01,2.085673,3.131463,3575,34.59537,618.549191,0,12.989,3.421725092,68.35744146,16275.73105,0.004199961,,2,1695.01,422756130,T001695,PC,passed,passed,,,
2,3,1,spoc,1467.01,1.827003,5.973384,3834,18.079169,525.913556,0,12.293,2.277147971,61.00218825,19357.45371,0.003151354,,5,1467.01,240968774,T001467,PC,passed,,,,
2,3,2,spoc,1430.01,2.229178,7.434007,5064,72.54644,744.344144,0,9.19,2.053197744,97.36625675,1366.372702,0.07125893,2,2,1430.01,293954617,235088,PC,passed,passed,,yes,
2,4,2,spoc,1416.01,1.659544,1.06969,4946,945.862003,1414.414482,0,9.91,2.450081539,90.57711955,1862.385827,0.048634992,2,4,1416.01,158025009,HIP70705,CPC,passed,passed,wait,wait,
2,4,3,spoc,1473.01,2.49336,5.255294,5958,299.625751,1061.120081,0,8.844,2.362245073,97.25843389,750.5520752,0.129582526,3,3,1473.01,352413427,6061,PC,passed,,yes,yes,
2,4,3,spoc,1727.01,2.27447,1.832792,5566,989.31202,1430.385408,0,10.312,3.077453542,61.93622204,1709.415836,0.03623239,,5,1727.01,241225337,T001727,PC,passed,,,,
2,5,2,spoc,1436.01,1.717836,0.867492,5011.22,1118.225214,1474.864321,0,12.006,2.73677176,45.03015584,10288.53583,0.004376731,2,3,1436.01,154383539,T001436,CPC,passed,passed,yes,no,
3,2,2,spoc,1759.01,3.234794,37.696127,3960,2.486239,320.262031,0,11.93,2.808929776,64.30049248,9106.447122,0.007060986,3,2,1759.01,408636441,T001759,PC,do observe,,,,
3,3,2,spoc,1255.01,2.70278,10.288882,5126,59.759255,709.122136,0,9.92,2.536462078,69.48519866,1753.77545,0.039620351,,3,1255.01,237222864,HIP97166,PC,do observe,passed,,,
3,3,3,spoc,1339.01,3.247601,8.880832,5555.7,99.065848,804.638372,0,8.97,3.394956452,131.5385194,408.0959815,0.322322506,2,1,1339.01,269701147,191939,CPC-,passed,passed,yes,yes,4
3,3,3,spoc,509.01,3.073257,18.119809,5560.26,46.819522,667.154613,0,8.58,2.374869265,97.54202066,582.3060737,0.16750988,1,2,509.01,453211454,63935,PC,passed,passed,yes,yes,1
3,3,3,spoc,469.01,3.685246,13.632935,6114,89.071512,783.527882,0,9.49,3.216821399,104.2398722,733.798527,0.142055167,3,3,469.01,33692729,42813,VPC,passed,passed,yes,no - too low dec,
3,3,3,spoc,561.01,3.772776,10.781327,5391,66.330454,727.860233,0,10.252,4.159027891,87.14310035,885.6192914,0.098397925,,4,561.01,377064495,T000561,PC,passed,passed,yes,yes,
3,3,3,not a TOI,509.02,2.5,21.35,5560.26,35.44336,713.6819123,0,8.58,4.07,29.66175478,198.2631105,0.149608037,,,509.02,453211454,63935,,passed,passed,yes,yes,1
3,3,3,spoc,1339.02,3.067978,28.579356,5555.7,20.850938,545.005831,0,8.97,2.087501951,82.74272157,1079.38643,0.076657182,,5,1339.02,269701147,191939,PC,passed,passed,yes,yes,4
3,4,2,spoc,1410.01,2.943638,1.216835,4634.6,565.541505,1243.757952,0,11.111,6.752780606,117.9081893,741.0806162,0.159103054,1,2,1410.01,199444169,T001410,VPC,passed,passed,yes,,
3,4,2,spoc,1246.02,3.001516,4.307412,5141,196.477935,954.878678,0,11.632,4.027165248,44.18116355,3366.912522,0.01312216,,4,1246.02,230127302,T001246,PC,passed,,yes,no,
3,4,3,spoc,554.01,3.411592,7.048602,6337.87,416.682397,1152.31453,0,6.91134,1.73352546,107.5347842,235.0207917,0.457554344,2,2,554.01,407966340,25463,CPC,passed,passed,yes,yes,
3,4,3,spoc,1736.01,3.702256,7.074152,5656,349.144817,1102.481091,0,8.953,4.437209045,86.14251493,235.1857232,0.366274422,,3,1736.01,408618999,T001736,PC,do observe,,,,
3,4,3,spoc,669.01,3.842242,3.948678,5581.9,641.234094,1283.435066,0,10.606,7.61969847,66.39005324,365.5570489,0.181613385,,4,669.01,124573851,T000669,PC,passed,passed,yes,yes,
3,5,3,spoc,1681.01,3.26185,1.537559,5672.5,1160.699357,1488.674282,0,10.97,5.910641209,86.45972529,849.4963929,0.101777625,3,3,1681.01,321041369,T001681,PC,passed,passed,,,
4,3,2,spoc,1728.01,4.699432,3.491567,3907,57.019625,700.851229,0,12.39,11.65389018,134.9152249,808.144258,0.166944482,1,1,1728.01,285048486,T001728,VPC+,passed,,,,5
4,3,3,spoc,1136.01,4.55992,12.518414,5729,83.344567,770.617866,0,9.534,5.129484922,107.115012,300.5268081,0.35642415,2,1,1136.01,142276270,T001136,CPC,passed,passed,yes,yes,3
4,3,3,spoc,1471.01,4.282738,20.772024,5625.56,81.617867,766.595136,0,9.2,3.969217285,102.6214883,368.9954288,0.278110459,1,3,1471.01,306263608,12572,PC,passed,,yes,yes,
4,3,3,spoc,1744.01,4.333054,22.342014,6179,62.906016,718.27838,0,9.543,3.536877208,65.54003035,637.3687541,0.102829061,,4,1744.01,229455001,T001744,PC,do observe,,,,
4,3,3,spoc,1136.03,4.037327,26.321864,5729,30.94004,601.519853,0,9.534,3.25549507,71.37382049,746.0993296,0.095662625,,5,1136.03,142276270,T001136,PC,passed,passed,yes,yes,3
4,4,2,spoc,1694.01,5.480027,3.77013,5058,195.28817,953.419593,0,11.446,11.92651542,116.0485018,323.4473415,0.358786383,2,4,1694.01,396740648,T001694,VPC,passed,,,,
4,4,2,spoc,1272.01,4.289363,3.315997,4972.7,217.521583,979.479471,0,11.758,8.322015337,78.39173117,885.4697114,0.08853124,,5,1272.01,417948359,T001272,PC,passed,,yes,no,
4,5,2,spoc,1713.01,4.65369,0.557201,5097.6,3415.825831,1949.816221,0,11.436,16.90635223,156.0775983,159.4890635,0.978610037,2,1,1713.01,15863518,T001713,PC,passed,,,,
5,3,3,spoc,1173.01,9.077533,7.06456,5429.6,53.07525,688.403013,0,11.038,21.60676221,182.5018327,67.67859732,2.696595969,1,3,1173.01,232967440,T001173,VPC+,passed,,yes,no,
5,3,3,spoc,421.01,6.445067,16.068919,5718,74.824872,750.120865,0,9.931,8.544845976,117.3658921,156.1069563,0.751829994,,5,421.01,94986319,T000421,VPC,passed,passed,yes,yes,